ÈÍSLO,OBEC,POÈET VOLIÈÙ,VYDANÉ OBÁLKY,PLATNÉ HLASY,KANDIDUJÍCÍ STRANY
592897,Bohaté Málkovice,200,111,111,"Obèanská demokratická strana, Øád národa - Vlastenecká unie, CESTA ODPOVÌDNÉ SPOLEÈNOSTI, Èeská str.sociálnì demokrat., Radostné Èesko, STAROSTOVÉ A NEZÁVISLÍ, Komunistická str.Èech a Moravy, Strana zelených, ROZUMNÍ-stop migraci,diktát.EU, Strana svobodných obèanù, Blok proti islam.-Obran.domova, Obèanská demokratická aliance, Èeská pirátská strana, Referendum o Evropské unii, TOP 09, ANO 2011, Dobrá volba 2016, SPR-Republ.str.Èsl. M.Sládka, Køes».demokr.unie-Ès.str.lid., Èeská strana národnì sociální, REALISTÉ, SPORTOVCI, Dìlnic.str.sociální spravedl., Svob.a pø.dem.-T.Okamura (SPD), Strana Práv Obèanù, Národ Sobì"
592901,Bohdalice-Pavlovice,687,426,422,"Obèanská demokratická strana, Øád národa - Vlastenecká unie, CESTA ODPOVÌDNÉ SPOLEÈNOSTI, Èeská str.sociálnì demokrat., Radostné Èesko, STAROSTOVÉ A NEZÁVISLÍ, Komunistická str.Èech a Moravy, Strana zelených, ROZUMNÍ-stop migraci,diktát.EU, Strana svobodných obèanù, Blok proti islam.-Obran.domova, Obèanská demokratická aliance, Èeská pirátská strana, Referendum o Evropské unii, TOP 09, ANO 2011, Dobrá volba 2016, SPR-Republ.str.Èsl. M.Sládka, Køes».demokr.unie-Ès.str.lid., Èeská strana národnì sociální, REALISTÉ, SPORTOVCI, Dìlnic.str.sociální spravedl., Svob.a pø.dem.-T.Okamura (SPD), Strana Práv Obèanù, Národ Sobì"
592919,Bo¹ovice,942,551,548,"Obèanská demokratická strana, Øád národa - Vlastenecká unie, CESTA ODPOVÌDNÉ SPOLEÈNOSTI, Èeská str.sociálnì demokrat., Radostné Èesko, STAROSTOVÉ A NEZÁVISLÍ, Komunistická str.Èech a Moravy, Strana zelených, ROZUMNÍ-stop migraci,diktát.EU, Strana svobodných obèanù, Blok proti islam.-Obran.domova, Obèanská demokratická aliance, Èeská pirátská strana, Referendum o Evropské unii, TOP 09, ANO 2011, Dobrá volba 2016, SPR-Republ.str.Èsl. M.Sládka, Køes».demokr.unie-Ès.str.lid., Èeská strana národnì sociální, REALISTÉ, SPORTOVCI, Dìlnic.str.sociální spravedl., Svob.a pø.dem.-T.Okamura (SPD), Strana Práv Obèanù, Národ Sobì"
592927,Brankovice,721,440,435,"Obèanská demokratická strana, Øád národa - Vlastenecká unie, CESTA ODPOVÌDNÉ SPOLEÈNOSTI, Èeská str.sociálnì demokrat., Radostné Èesko, STAROSTOVÉ A NEZÁVISLÍ, Komunistická str.Èech a Moravy, Strana zelených, ROZUMNÍ-stop migraci,diktát.EU, Strana svobodných obèanù, Blok proti islam.-Obran.domova, Obèanská demokratická aliance, Èeská pirátská strana, Referendum o Evropské unii, TOP 09, ANO 2011, Dobrá volba 2016, SPR-Republ.str.Èsl. M.Sládka, Køes».demokr.unie-Ès.str.lid., Èeská strana národnì sociální, REALISTÉ, SPORTOVCI, Dìlnic.str.sociální spravedl., Svob.a pø.dem.-T.Okamura (SPD), Strana Práv Obèanù, Národ Sobì"
592943,Buèovice,5 235,3 035,3 018,"Obèanská demokratická strana, Øád národa - Vlastenecká unie, CESTA ODPOVÌDNÉ SPOLEÈNOSTI, Èeská str.sociálnì demokrat., Radostné Èesko, STAROSTOVÉ A NEZÁVISLÍ, Komunistická str.Èech a Moravy, Strana zelených, ROZUMNÍ-stop migraci,diktát.EU, Strana svobodných obèanù, Blok proti islam.-Obran.domova, Obèanská demokratická aliance, Èeská pirátská strana, Referendum o Evropské unii, TOP 09, ANO 2011, Dobrá volba 2016, SPR-Republ.str.Èsl. M.Sládka, Køes».demokr.unie-Ès.str.lid., Èeská strana národnì sociální, REALISTÉ, SPORTOVCI, Dìlnic.str.sociální spravedl., Svob.a pø.dem.-T.Okamura (SPD), Strana Práv Obèanù, Národ Sobì"
592978,Dìtkovice,217,130,130,"Obèanská demokratická strana, Øád národa - Vlastenecká unie, CESTA ODPOVÌDNÉ SPOLEÈNOSTI, Èeská str.sociálnì demokrat., Radostné Èesko, STAROSTOVÉ A NEZÁVISLÍ, Komunistická str.Èech a Moravy, Strana zelených, ROZUMNÍ-stop migraci,diktát.EU, Strana svobodných obèanù, Blok proti islam.-Obran.domova, Obèanská demokratická aliance, Èeská pirátská strana, Referendum o Evropské unii, TOP 09, ANO 2011, Dobrá volba 2016, SPR-Republ.str.Èsl. M.Sládka, Køes».demokr.unie-Ès.str.lid., Èeská strana národnì sociální, REALISTÉ, SPORTOVCI, Dìlnic.str.sociální spravedl., Svob.a pø.dem.-T.Okamura (SPD), Strana Práv Obèanù, Národ Sobì"
592986,Dobroèkovice,179,106,106,"Obèanská demokratická strana, Øád národa - Vlastenecká unie, CESTA ODPOVÌDNÉ SPOLEÈNOSTI, Èeská str.sociálnì demokrat., Radostné Èesko, STAROSTOVÉ A NEZÁVISLÍ, Komunistická str.Èech a Moravy, Strana zelených, ROZUMNÍ-stop migraci,diktát.EU, Strana svobodných obèanù, Blok proti islam.-Obran.domova, Obèanská demokratická aliance, Èeská pirátská strana, Referendum o Evropské unii, TOP 09, ANO 2011, Dobrá volba 2016, SPR-Republ.str.Èsl. M.Sládka, Køes».demokr.unie-Ès.str.lid., Èeská strana národnì sociální, REALISTÉ, SPORTOVCI, Dìlnic.str.sociální spravedl., Svob.a pø.dem.-T.Okamura (SPD), Strana Práv Obèanù, Národ Sobì"
592994,Dra¾ovice,735,461,459,"Obèanská demokratická strana, Øád národa - Vlastenecká unie, CESTA ODPOVÌDNÉ SPOLEÈNOSTI, Èeská str.sociálnì demokrat., Radostné Èesko, STAROSTOVÉ A NEZÁVISLÍ, Komunistická str.Èech a Moravy, Strana zelených, ROZUMNÍ-stop migraci,diktát.EU, Strana svobodných obèanù, Blok proti islam.-Obran.domova, Obèanská demokratická aliance, Èeská pirátská strana, Referendum o Evropské unii, TOP 09, ANO 2011, Dobrá volba 2016, SPR-Republ.str.Èsl. M.Sládka, Køes».demokr.unie-Ès.str.lid., Èeská strana národnì sociální, REALISTÉ, SPORTOVCI, Dìlnic.str.sociální spravedl., Svob.a pø.dem.-T.Okamura (SPD), Strana Práv Obèanù, Národ Sobì"
593001,Drnovice,1 929,1 247,1 236,"Obèanská demokratická strana, Øád národa - Vlastenecká unie, CESTA ODPOVÌDNÉ SPOLEÈNOSTI, Èeská str.sociálnì demokrat., Radostné Èesko, STAROSTOVÉ A NEZÁVISLÍ, Komunistická str.Èech a Moravy, Strana zelených, ROZUMNÍ-stop migraci,diktát.EU, Strana svobodných obèanù, Blok proti islam.-Obran.domova, Obèanská demokratická aliance, Èeská pirátská strana, Referendum o Evropské unii, TOP 09, ANO 2011, Dobrá volba 2016, SPR-Republ.str.Èsl. M.Sládka, Køes».demokr.unie-Ès.str.lid., Èeská strana národnì sociální, REALISTÉ, SPORTOVCI, Dìlnic.str.sociální spravedl., Svob.a pø.dem.-T.Okamura (SPD), Strana Práv Obèanù, Národ Sobì"
593010,Drysice,451,238,236,"Obèanská demokratická strana, Øád národa - Vlastenecká unie, CESTA ODPOVÌDNÉ SPOLEÈNOSTI, Èeská str.sociálnì demokrat., Radostné Èesko, STAROSTOVÉ A NEZÁVISLÍ, Komunistická str.Èech a Moravy, Strana zelených, ROZUMNÍ-stop migraci,diktát.EU, Strana svobodných obèanù, Blok proti islam.-Obran.domova, Obèanská demokratická aliance, Èeská pirátská strana, Referendum o Evropské unii, TOP 09, ANO 2011, Dobrá volba 2016, SPR-Republ.str.Èsl. M.Sládka, Køes».demokr.unie-Ès.str.lid., Èeská strana národnì sociální, REALISTÉ, SPORTOVCI, Dìlnic.str.sociální spravedl., Svob.a pø.dem.-T.Okamura (SPD), Strana Práv Obèanù, Národ Sobì"
593028,Habrovany,673,428,426,"Obèanská demokratická strana, Øád národa - Vlastenecká unie, CESTA ODPOVÌDNÉ SPOLEÈNOSTI, Èeská str.sociálnì demokrat., Radostné Èesko, STAROSTOVÉ A NEZÁVISLÍ, Komunistická str.Èech a Moravy, Strana zelených, ROZUMNÍ-stop migraci,diktát.EU, Strana svobodných obèanù, Blok proti islam.-Obran.domova, Obèanská demokratická aliance, Èeská pirátská strana, Referendum o Evropské unii, TOP 09, ANO 2011, Dobrá volba 2016, SPR-Republ.str.Èsl. M.Sládka, Køes».demokr.unie-Ès.str.lid., Èeská strana národnì sociální, REALISTÉ, SPORTOVCI, Dìlnic.str.sociální spravedl., Svob.a pø.dem.-T.Okamura (SPD), Strana Práv Obèanù, Národ Sobì"
550213,Her¹pice,620,436,436,"Obèanská demokratická strana, Øád národa - Vlastenecká unie, CESTA ODPOVÌDNÉ SPOLEÈNOSTI, Èeská str.sociálnì demokrat., Radostné Èesko, STAROSTOVÉ A NEZÁVISLÍ, Komunistická str.Èech a Moravy, Strana zelených, ROZUMNÍ-stop migraci,diktát.EU, Strana svobodných obèanù, Blok proti islam.-Obran.domova, Obèanská demokratická aliance, Èeská pirátská strana, Referendum o Evropské unii, TOP 09, ANO 2011, Dobrá volba 2016, SPR-Republ.str.Èsl. M.Sládka, Køes».demokr.unie-Ès.str.lid., Èeská strana národnì sociální, REALISTÉ, SPORTOVCI, Dìlnic.str.sociální spravedl., Svob.a pø.dem.-T.Okamura (SPD), Strana Práv Obèanù, Národ Sobì"
593036,Hluboèany,390,245,241,"Obèanská demokratická strana, Øád národa - Vlastenecká unie, CESTA ODPOVÌDNÉ SPOLEÈNOSTI, Èeská str.sociálnì demokrat., Radostné Èesko, STAROSTOVÉ A NEZÁVISLÍ, Komunistická str.Èech a Moravy, Strana zelených, ROZUMNÍ-stop migraci,diktát.EU, Strana svobodných obèanù, Blok proti islam.-Obran.domova, Obèanská demokratická aliance, Èeská pirátská strana, Referendum o Evropské unii, TOP 09, ANO 2011, Dobrá volba 2016, SPR-Republ.str.Èsl. M.Sládka, Køes».demokr.unie-Ès.str.lid., Èeská strana národnì sociální, REALISTÉ, SPORTOVCI, Dìlnic.str.sociální spravedl., Svob.a pø.dem.-T.Okamura (SPD), Strana Práv Obèanù, Národ Sobì"
593044,Hodìjice,804,489,485,"Obèanská demokratická strana, Øád národa - Vlastenecká unie, CESTA ODPOVÌDNÉ SPOLEÈNOSTI, Èeská str.sociálnì demokrat., Radostné Èesko, STAROSTOVÉ A NEZÁVISLÍ, Komunistická str.Èech a Moravy, Strana zelených, ROZUMNÍ-stop migraci,diktát.EU, Strana svobodných obèanù, Blok proti islam.-Obran.domova, Obèanská demokratická aliance, Èeská pirátská strana, Referendum o Evropské unii, TOP 09, ANO 2011, Dobrá volba 2016, SPR-Republ.str.Èsl. M.Sládka, Køes».demokr.unie-Ès.str.lid., Èeská strana národnì sociální, REALISTÉ, SPORTOVCI, Dìlnic.str.sociální spravedl., Svob.a pø.dem.-T.Okamura (SPD), Strana Práv Obèanù, Národ Sobì"
550825,Holubice,881,574,568,"Obèanská demokratická strana, Øád národa - Vlastenecká unie, CESTA ODPOVÌDNÉ SPOLEÈNOSTI, Èeská str.sociálnì demokrat., Radostné Èesko, STAROSTOVÉ A NEZÁVISLÍ, Komunistická str.Èech a Moravy, Strana zelených, ROZUMNÍ-stop migraci,diktát.EU, Strana svobodných obèanù, Blok proti islam.-Obran.domova, Obèanská demokratická aliance, Èeská pirátská strana, Referendum o Evropské unii, TOP 09, ANO 2011, Dobrá volba 2016, SPR-Republ.str.Èsl. M.Sládka, Køes».demokr.unie-Ès.str.lid., Èeská strana národnì sociální, REALISTÉ, SPORTOVCI, Dìlnic.str.sociální spravedl., Svob.a pø.dem.-T.Okamura (SPD), Strana Práv Obèanù, Národ Sobì"
593052,Hostìrádky-Re¹ov,697,490,490,"Obèanská demokratická strana, Øád národa - Vlastenecká unie, CESTA ODPOVÌDNÉ SPOLEÈNOSTI, Èeská str.sociálnì demokrat., Radostné Èesko, STAROSTOVÉ A NEZÁVISLÍ, Komunistická str.Èech a Moravy, Strana zelených, ROZUMNÍ-stop migraci,diktát.EU, Strana svobodných obèanù, Blok proti islam.-Obran.domova, Obèanská demokratická aliance, Èeská pirátská strana, Referendum o Evropské unii, TOP 09, ANO 2011, Dobrá volba 2016, SPR-Republ.str.Èsl. M.Sládka, Køes».demokr.unie-Ès.str.lid., Èeská strana národnì sociální, REALISTÉ, SPORTOVCI, Dìlnic.str.sociální spravedl., Svob.a pø.dem.-T.Okamura (SPD), Strana Práv Obèanù, Národ Sobì"
593061,Ho¹tice-Heroltice,504,328,327,"Obèanská demokratická strana, Øád národa - Vlastenecká unie, CESTA ODPOVÌDNÉ SPOLEÈNOSTI, Èeská str.sociálnì demokrat., Radostné Èesko, STAROSTOVÉ A NEZÁVISLÍ, Komunistická str.Èech a Moravy, Strana zelených, ROZUMNÍ-stop migraci,diktát.EU, Strana svobodných obèanù, Blok proti islam.-Obran.domova, Obèanská demokratická aliance, Èeská pirátská strana, Referendum o Evropské unii, TOP 09, ANO 2011, Dobrá volba 2016, SPR-Republ.str.Èsl. M.Sládka, Køes».demokr.unie-Ès.str.lid., Èeská strana národnì sociální, REALISTÉ, SPORTOVCI, Dìlnic.str.sociální spravedl., Svob.a pø.dem.-T.Okamura (SPD), Strana Práv Obèanù, Národ Sobì"
593079,Hru¹ky,624,377,377,"Obèanská demokratická strana, Øád národa - Vlastenecká unie, CESTA ODPOVÌDNÉ SPOLEÈNOSTI, Èeská str.sociálnì demokrat., Radostné Èesko, STAROSTOVÉ A NEZÁVISLÍ, Komunistická str.Èech a Moravy, Strana zelených, ROZUMNÍ-stop migraci,diktát.EU, Strana svobodných obèanù, Blok proti islam.-Obran.domova, Obèanská demokratická aliance, Èeská pirátská strana, Referendum o Evropské unii, TOP 09, ANO 2011, Dobrá volba 2016, SPR-Republ.str.Èsl. M.Sládka, Køes».demokr.unie-Ès.str.lid., Èeská strana národnì sociální, REALISTÉ, SPORTOVCI, Dìlnic.str.sociální spravedl., Svob.a pø.dem.-T.Okamura (SPD), Strana Práv Obèanù, Národ Sobì"
593087,Hvìzdlice,475,260,260,"Obèanská demokratická strana, Øád národa - Vlastenecká unie, CESTA ODPOVÌDNÉ SPOLEÈNOSTI, Èeská str.sociálnì demokrat., Radostné Èesko, STAROSTOVÉ A NEZÁVISLÍ, Komunistická str.Èech a Moravy, Strana zelených, ROZUMNÍ-stop migraci,diktát.EU, Strana svobodných obèanù, Blok proti islam.-Obran.domova, Obèanská demokratická aliance, Èeská pirátská strana, Referendum o Evropské unii, TOP 09, ANO 2011, Dobrá volba 2016, SPR-Republ.str.Èsl. M.Sládka, Køes».demokr.unie-Ès.str.lid., Èeská strana národnì sociální, REALISTÉ, SPORTOVCI, Dìlnic.str.sociální spravedl., Svob.a pø.dem.-T.Okamura (SPD), Strana Práv Obèanù, Národ Sobì"
593095,Chvalkovice,216,130,130,"Obèanská demokratická strana, Øád národa - Vlastenecká unie, CESTA ODPOVÌDNÉ SPOLEÈNOSTI, Èeská str.sociálnì demokrat., Radostné Èesko, STAROSTOVÉ A NEZÁVISLÍ, Komunistická str.Èech a Moravy, Strana zelených, ROZUMNÍ-stop migraci,diktát.EU, Strana svobodných obèanù, Blok proti islam.-Obran.domova, Obèanská demokratická aliance, Èeská pirátská strana, Referendum o Evropské unii, TOP 09, ANO 2011, Dobrá volba 2016, SPR-Republ.str.Èsl. M.Sládka, Køes».demokr.unie-Ès.str.lid., Èeská strana národnì sociální, REALISTÉ, SPORTOVCI, Dìlnic.str.sociální spravedl., Svob.a pø.dem.-T.Okamura (SPD), Strana Práv Obèanù, Národ Sobì"
593117,Ivanovice na Hané,2 365,1 329,1 319,"Obèanská demokratická strana, Øád národa - Vlastenecká unie, CESTA ODPOVÌDNÉ SPOLEÈNOSTI, Èeská str.sociálnì demokrat., Radostné Èesko, STAROSTOVÉ A NEZÁVISLÍ, Komunistická str.Èech a Moravy, Strana zelených, ROZUMNÍ-stop migraci,diktát.EU, Strana svobodných obèanù, Blok proti islam.-Obran.domova, Obèanská demokratická aliance, Èeská pirátská strana, Referendum o Evropské unii, TOP 09, ANO 2011, Dobrá volba 2016, SPR-Republ.str.Èsl. M.Sládka, Køes».demokr.unie-Ès.str.lid., Èeská strana národnì sociální, REALISTÉ, SPORTOVCI, Dìlnic.str.sociální spravedl., Svob.a pø.dem.-T.Okamura (SPD), Strana Práv Obèanù, Národ Sobì"
593125,Je¾kovice,323,197,197,"Obèanská demokratická strana, Øád národa - Vlastenecká unie, CESTA ODPOVÌDNÉ SPOLEÈNOSTI, Èeská str.sociálnì demokrat., Radostné Èesko, STAROSTOVÉ A NEZÁVISLÍ, Komunistická str.Èech a Moravy, Strana zelených, ROZUMNÍ-stop migraci,diktát.EU, Strana svobodných obèanù, Blok proti islam.-Obran.domova, Obèanská demokratická aliance, Èeská pirátská strana, Referendum o Evropské unii, TOP 09, ANO 2011, Dobrá volba 2016, SPR-Republ.str.Èsl. M.Sládka, Køes».demokr.unie-Ès.str.lid., Èeská strana národnì sociální, REALISTÉ, SPORTOVCI, Dìlnic.str.sociální spravedl., Svob.a pø.dem.-T.Okamura (SPD), Strana Práv Obèanù, Národ Sobì"
593141,Kobeøice u Brna,546,360,355,"Obèanská demokratická strana, Øád národa - Vlastenecká unie, CESTA ODPOVÌDNÉ SPOLEÈNOSTI, Èeská str.sociálnì demokrat., Radostné Èesko, STAROSTOVÉ A NEZÁVISLÍ, Komunistická str.Èech a Moravy, Strana zelených, ROZUMNÍ-stop migraci,diktát.EU, Strana svobodných obèanù, Blok proti islam.-Obran.domova, Obèanská demokratická aliance, Èeská pirátská strana, Referendum o Evropské unii, TOP 09, ANO 2011, Dobrá volba 2016, SPR-Republ.str.Èsl. M.Sládka, Køes».demokr.unie-Ès.str.lid., Èeská strana národnì sociální, REALISTÉ, SPORTOVCI, Dìlnic.str.sociální spravedl., Svob.a pø.dem.-T.Okamura (SPD), Strana Práv Obèanù, Národ Sobì"
593150,Kojátky,297,143,143,"Obèanská demokratická strana, Øád národa - Vlastenecká unie, CESTA ODPOVÌDNÉ SPOLEÈNOSTI, Èeská str.sociálnì demokrat., Radostné Èesko, STAROSTOVÉ A NEZÁVISLÍ, Komunistická str.Èech a Moravy, Strana zelených, ROZUMNÍ-stop migraci,diktát.EU, Strana svobodných obèanù, Blok proti islam.-Obran.domova, Obèanská demokratická aliance, Èeská pirátská strana, Referendum o Evropské unii, TOP 09, ANO 2011, Dobrá volba 2016, SPR-Republ.str.Èsl. M.Sládka, Køes».demokr.unie-Ès.str.lid., Èeská strana národnì sociální, REALISTÉ, SPORTOVCI, Dìlnic.str.sociální spravedl., Svob.a pø.dem.-T.Okamura (SPD), Strana Práv Obèanù, Národ Sobì"
593168,Komoøany,584,367,365,"Obèanská demokratická strana, Øád národa - Vlastenecká unie, CESTA ODPOVÌDNÉ SPOLEÈNOSTI, Èeská str.sociálnì demokrat., Radostné Èesko, STAROSTOVÉ A NEZÁVISLÍ, Komunistická str.Èech a Moravy, Strana zelených, ROZUMNÍ-stop migraci,diktát.EU, Strana svobodných obèanù, Blok proti islam.-Obran.domova, Obèanská demokratická aliance, Èeská pirátská strana, Referendum o Evropské unii, TOP 09, ANO 2011, Dobrá volba 2016, SPR-Republ.str.Èsl. M.Sládka, Køes».demokr.unie-Ès.str.lid., Èeská strana národnì sociální, REALISTÉ, SPORTOVCI, Dìlnic.str.sociální spravedl., Svob.a pø.dem.-T.Okamura (SPD), Strana Práv Obèanù, Národ Sobì"
550108,Kozlany,290,157,157,"Obèanská demokratická strana, Øád národa - Vlastenecká unie, CESTA ODPOVÌDNÉ SPOLEÈNOSTI, Èeská str.sociálnì demokrat., Radostné Èesko, STAROSTOVÉ A NEZÁVISLÍ, Komunistická str.Èech a Moravy, Strana zelených, ROZUMNÍ-stop migraci,diktát.EU, Strana svobodných obèanù, Blok proti islam.-Obran.domova, Obèanská demokratická aliance, Èeská pirátská strana, Referendum o Evropské unii, TOP 09, ANO 2011, Dobrá volba 2016, SPR-Republ.str.Èsl. M.Sládka, Køes».demokr.unie-Ès.str.lid., Èeská strana národnì sociální, REALISTÉ, SPORTOVCI, Dìlnic.str.sociální spravedl., Svob.a pø.dem.-T.Okamura (SPD), Strana Práv Obèanù, Národ Sobì"
593184,Ko¾u¹ice,96,53,52,"Obèanská demokratická strana, Øád národa - Vlastenecká unie, CESTA ODPOVÌDNÉ SPOLEÈNOSTI, Èeská str.sociálnì demokrat., Radostné Èesko, STAROSTOVÉ A NEZÁVISLÍ, Komunistická str.Èech a Moravy, Strana zelených, ROZUMNÍ-stop migraci,diktát.EU, Strana svobodných obèanù, Blok proti islam.-Obran.domova, Obèanská demokratická aliance, Èeská pirátská strana, Referendum o Evropské unii, TOP 09, ANO 2011, Dobrá volba 2016, SPR-Republ.str.Èsl. M.Sládka, Køes».demokr.unie-Ès.str.lid., Èeská strana národnì sociální, REALISTÉ, SPORTOVCI, Dìlnic.str.sociální spravedl., Svob.a pø.dem.-T.Okamura (SPD), Strana Práv Obèanù, Národ Sobì"
593192,Krásensko,344,242,241,"Obèanská demokratická strana, Øád národa - Vlastenecká unie, CESTA ODPOVÌDNÉ SPOLEÈNOSTI, Èeská str.sociálnì demokrat., Radostné Èesko, STAROSTOVÉ A NEZÁVISLÍ, Komunistická str.Èech a Moravy, Strana zelených, ROZUMNÍ-stop migraci,diktát.EU, Strana svobodných obèanù, Blok proti islam.-Obran.domova, Obèanská demokratická aliance, Èeská pirátská strana, Referendum o Evropské unii, TOP 09, ANO 2011, Dobrá volba 2016, SPR-Republ.str.Èsl. M.Sládka, Køes».demokr.unie-Ès.str.lid., Èeská strana národnì sociální, REALISTÉ, SPORTOVCI, Dìlnic.str.sociální spravedl., Svob.a pø.dem.-T.Okamura (SPD), Strana Práv Obèanù, Národ Sobì"
593214,Køenovice,1 543,1 032,1 029,"Obèanská demokratická strana, Øád národa - Vlastenecká unie, CESTA ODPOVÌDNÉ SPOLEÈNOSTI, Èeská str.sociálnì demokrat., Radostné Èesko, STAROSTOVÉ A NEZÁVISLÍ, Komunistická str.Èech a Moravy, Strana zelených, ROZUMNÍ-stop migraci,diktát.EU, Strana svobodných obèanù, Blok proti islam.-Obran.domova, Obèanská demokratická aliance, Èeská pirátská strana, Referendum o Evropské unii, TOP 09, ANO 2011, Dobrá volba 2016, SPR-Republ.str.Èsl. M.Sládka, Køes».demokr.unie-Ès.str.lid., Èeská strana národnì sociální, REALISTÉ, SPORTOVCI, Dìlnic.str.sociální spravedl., Svob.a pø.dem.-T.Okamura (SPD), Strana Práv Obèanù, Národ Sobì"
593222,Køi¾anovice,647,409,407,"Obèanská demokratická strana, Øád národa - Vlastenecká unie, CESTA ODPOVÌDNÉ SPOLEÈNOSTI, Èeská str.sociálnì demokrat., Radostné Èesko, STAROSTOVÉ A NEZÁVISLÍ, Komunistická str.Èech a Moravy, Strana zelených, ROZUMNÍ-stop migraci,diktát.EU, Strana svobodných obèanù, Blok proti islam.-Obran.domova, Obèanská demokratická aliance, Èeská pirátská strana, Referendum o Evropské unii, TOP 09, ANO 2011, Dobrá volba 2016, SPR-Republ.str.Èsl. M.Sládka, Køes».demokr.unie-Ès.str.lid., Èeská strana národnì sociální, REALISTÉ, SPORTOVCI, Dìlnic.str.sociální spravedl., Svob.a pø.dem.-T.Okamura (SPD), Strana Práv Obèanù, Národ Sobì"
593231,Køi¾anovice u Vy¹kova,113,74,74,"Obèanská demokratická strana, Øád národa - Vlastenecká unie, CESTA ODPOVÌDNÉ SPOLEÈNOSTI, Èeská str.sociálnì demokrat., Radostné Èesko, STAROSTOVÉ A NEZÁVISLÍ, Komunistická str.Èech a Moravy, Strana zelených, ROZUMNÍ-stop migraci,diktát.EU, Strana svobodných obèanù, Blok proti islam.-Obran.domova, Obèanská demokratická aliance, Èeská pirátská strana, Referendum o Evropské unii, TOP 09, ANO 2011, Dobrá volba 2016, SPR-Republ.str.Èsl. M.Sládka, Køes».demokr.unie-Ès.str.lid., Èeská strana národnì sociální, REALISTÉ, SPORTOVCI, Dìlnic.str.sociální spravedl., Svob.a pø.dem.-T.Okamura (SPD), Strana Práv Obèanù, Národ Sobì"
593249,Kuèerov,415,239,235,"Obèanská demokratická strana, Øád národa - Vlastenecká unie, CESTA ODPOVÌDNÉ SPOLEÈNOSTI, Èeská str.sociálnì demokrat., Radostné Èesko, STAROSTOVÉ A NEZÁVISLÍ, Komunistická str.Èech a Moravy, Strana zelených, ROZUMNÍ-stop migraci,diktát.EU, Strana svobodných obèanù, Blok proti islam.-Obran.domova, Obèanská demokratická aliance, Èeská pirátská strana, Referendum o Evropské unii, TOP 09, ANO 2011, Dobrá volba 2016, SPR-Republ.str.Èsl. M.Sládka, Køes».demokr.unie-Ès.str.lid., Èeská strana národnì sociální, REALISTÉ, SPORTOVCI, Dìlnic.str.sociální spravedl., Svob.a pø.dem.-T.Okamura (SPD), Strana Práv Obèanù, Národ Sobì"
593257,Letonice,1 156,702,693,"Obèanská demokratická strana, Øád národa - Vlastenecká unie, CESTA ODPOVÌDNÉ SPOLEÈNOSTI, Èeská str.sociálnì demokrat., Radostné Èesko, STAROSTOVÉ A NEZÁVISLÍ, Komunistická str.Èech a Moravy, Strana zelených, ROZUMNÍ-stop migraci,diktát.EU, Strana svobodných obèanù, Blok proti islam.-Obran.domova, Obèanská demokratická aliance, Èeská pirátská strana, Referendum o Evropské unii, TOP 09, ANO 2011, Dobrá volba 2016, SPR-Republ.str.Èsl. M.Sládka, Køes».demokr.unie-Ès.str.lid., Èeská strana národnì sociální, REALISTÉ, SPORTOVCI, Dìlnic.str.sociální spravedl., Svob.a pø.dem.-T.Okamura (SPD), Strana Práv Obèanù, Národ Sobì"
593265,Lovèièky,529,350,348,"Obèanská demokratická strana, Øád národa - Vlastenecká unie, CESTA ODPOVÌDNÉ SPOLEÈNOSTI, Èeská str.sociálnì demokrat., Radostné Èesko, STAROSTOVÉ A NEZÁVISLÍ, Komunistická str.Èech a Moravy, Strana zelených, ROZUMNÍ-stop migraci,diktát.EU, Strana svobodných obèanù, Blok proti islam.-Obran.domova, Obèanská demokratická aliance, Èeská pirátská strana, Referendum o Evropské unii, TOP 09, ANO 2011, Dobrá volba 2016, SPR-Republ.str.Èsl. M.Sládka, Køes».demokr.unie-Ès.str.lid., Èeská strana národnì sociální, REALISTÉ, SPORTOVCI, Dìlnic.str.sociální spravedl., Svob.a pø.dem.-T.Okamura (SPD), Strana Práv Obèanù, Národ Sobì"
593273,Luleè,738,501,500,"Obèanská demokratická strana, Øád národa - Vlastenecká unie, CESTA ODPOVÌDNÉ SPOLEÈNOSTI, Èeská str.sociálnì demokrat., Radostné Èesko, STAROSTOVÉ A NEZÁVISLÍ, Komunistická str.Èech a Moravy, Strana zelených, ROZUMNÍ-stop migraci,diktát.EU, Strana svobodných obèanù, Blok proti islam.-Obran.domova, Obèanská demokratická aliance, Èeská pirátská strana, Referendum o Evropské unii, TOP 09, ANO 2011, Dobrá volba 2016, SPR-Republ.str.Èsl. M.Sládka, Køes».demokr.unie-Ès.str.lid., Èeská strana národnì sociální, REALISTÉ, SPORTOVCI, Dìlnic.str.sociální spravedl., Svob.a pø.dem.-T.Okamura (SPD), Strana Práv Obèanù, Národ Sobì"
593281,Lysovice,224,143,141,"Obèanská demokratická strana, Øád národa - Vlastenecká unie, CESTA ODPOVÌDNÉ SPOLEÈNOSTI, Èeská str.sociálnì demokrat., Radostné Èesko, STAROSTOVÉ A NEZÁVISLÍ, Komunistická str.Èech a Moravy, Strana zelených, ROZUMNÍ-stop migraci,diktát.EU, Strana svobodných obèanù, Blok proti islam.-Obran.domova, Obèanská demokratická aliance, Èeská pirátská strana, Referendum o Evropské unii, TOP 09, ANO 2011, Dobrá volba 2016, SPR-Republ.str.Èsl. M.Sládka, Køes».demokr.unie-Ès.str.lid., Èeská strana národnì sociální, REALISTÉ, SPORTOVCI, Dìlnic.str.sociální spravedl., Svob.a pø.dem.-T.Okamura (SPD), Strana Práv Obèanù, Národ Sobì"
593290,Malínky,124,87,86,"Obèanská demokratická strana, Øád národa - Vlastenecká unie, CESTA ODPOVÌDNÉ SPOLEÈNOSTI, Èeská str.sociálnì demokrat., Radostné Èesko, STAROSTOVÉ A NEZÁVISLÍ, Komunistická str.Èech a Moravy, Strana zelených, ROZUMNÍ-stop migraci,diktát.EU, Strana svobodných obèanù, Blok proti islam.-Obran.domova, Obèanská demokratická aliance, Èeská pirátská strana, Referendum o Evropské unii, TOP 09, ANO 2011, Dobrá volba 2016, SPR-Republ.str.Èsl. M.Sládka, Køes».demokr.unie-Ès.str.lid., Èeská strana národnì sociální, REALISTÉ, SPORTOVCI, Dìlnic.str.sociální spravedl., Svob.a pø.dem.-T.Okamura (SPD), Strana Práv Obèanù, Národ Sobì"
550141,Medlovice,255,174,172,"Obèanská demokratická strana, Øád národa - Vlastenecká unie, CESTA ODPOVÌDNÉ SPOLEÈNOSTI, Èeská str.sociálnì demokrat., Radostné Èesko, STAROSTOVÉ A NEZÁVISLÍ, Komunistická str.Èech a Moravy, Strana zelených, ROZUMNÍ-stop migraci,diktát.EU, Strana svobodných obèanù, Blok proti islam.-Obran.domova, Obèanská demokratická aliance, Èeská pirátská strana, Referendum o Evropské unii, TOP 09, ANO 2011, Dobrá volba 2016, SPR-Republ.str.Èsl. M.Sládka, Køes».demokr.unie-Ès.str.lid., Èeská strana národnì sociální, REALISTÉ, SPORTOVCI, Dìlnic.str.sociální spravedl., Svob.a pø.dem.-T.Okamura (SPD), Strana Práv Obèanù, Národ Sobì"
593320,Mile¹ovice,535,274,271,"Obèanská demokratická strana, Øád národa - Vlastenecká unie, CESTA ODPOVÌDNÉ SPOLEÈNOSTI, Èeská str.sociálnì demokrat., Radostné Èesko, STAROSTOVÉ A NEZÁVISLÍ, Komunistická str.Èech a Moravy, Strana zelených, ROZUMNÍ-stop migraci,diktát.EU, Strana svobodných obèanù, Blok proti islam.-Obran.domova, Obèanská demokratická aliance, Èeská pirátská strana, Referendum o Evropské unii, TOP 09, ANO 2011, Dobrá volba 2016, SPR-Republ.str.Èsl. M.Sládka, Køes».demokr.unie-Ès.str.lid., Èeská strana národnì sociální, REALISTÉ, SPORTOVCI, Dìlnic.str.sociální spravedl., Svob.a pø.dem.-T.Okamura (SPD), Strana Práv Obèanù, Národ Sobì"
593338,Milonice,285,183,181,"Obèanská demokratická strana, Øád národa - Vlastenecká unie, CESTA ODPOVÌDNÉ SPOLEÈNOSTI, Èeská str.sociálnì demokrat., Radostné Èesko, STAROSTOVÉ A NEZÁVISLÍ, Komunistická str.Èech a Moravy, Strana zelených, ROZUMNÍ-stop migraci,diktát.EU, Strana svobodných obèanù, Blok proti islam.-Obran.domova, Obèanská demokratická aliance, Èeská pirátská strana, Referendum o Evropské unii, TOP 09, ANO 2011, Dobrá volba 2016, SPR-Republ.str.Èsl. M.Sládka, Køes».demokr.unie-Ès.str.lid., Èeská strana národnì sociální, REALISTÉ, SPORTOVCI, Dìlnic.str.sociální spravedl., Svob.a pø.dem.-T.Okamura (SPD), Strana Práv Obèanù, Národ Sobì"
593346,Moravské Málkovice,464,270,269,"Obèanská demokratická strana, Øád národa - Vlastenecká unie, CESTA ODPOVÌDNÉ SPOLEÈNOSTI, Èeská str.sociálnì demokrat., Radostné Èesko, STAROSTOVÉ A NEZÁVISLÍ, Komunistická str.Èech a Moravy, Strana zelených, ROZUMNÍ-stop migraci,diktát.EU, Strana svobodných obèanù, Blok proti islam.-Obran.domova, Obèanská demokratická aliance, Èeská pirátská strana, Referendum o Evropské unii, TOP 09, ANO 2011, Dobrá volba 2016, SPR-Republ.str.Èsl. M.Sládka, Køes».demokr.unie-Ès.str.lid., Èeská strana národnì sociální, REALISTÉ, SPORTOVCI, Dìlnic.str.sociální spravedl., Svob.a pø.dem.-T.Okamura (SPD), Strana Práv Obèanù, Národ Sobì"
557048,Mouøínov,375,216,216,"Obèanská demokratická strana, Øád národa - Vlastenecká unie, CESTA ODPOVÌDNÉ SPOLEÈNOSTI, Èeská str.sociálnì demokrat., Radostné Èesko, STAROSTOVÉ A NEZÁVISLÍ, Komunistická str.Èech a Moravy, Strana zelených, ROZUMNÍ-stop migraci,diktát.EU, Strana svobodných obèanù, Blok proti islam.-Obran.domova, Obèanská demokratická aliance, Èeská pirátská strana, Referendum o Evropské unii, TOP 09, ANO 2011, Dobrá volba 2016, SPR-Republ.str.Èsl. M.Sládka, Køes».demokr.unie-Ès.str.lid., Èeská strana národnì sociální, REALISTÉ, SPORTOVCI, Dìlnic.str.sociální spravedl., Svob.a pø.dem.-T.Okamura (SPD), Strana Práv Obèanù, Národ Sobì"
593371,Nìmèany,627,425,425,"Obèanská demokratická strana, Øád národa - Vlastenecká unie, CESTA ODPOVÌDNÉ SPOLEÈNOSTI, Èeská str.sociálnì demokrat., Radostné Èesko, STAROSTOVÉ A NEZÁVISLÍ, Komunistická str.Èech a Moravy, Strana zelených, ROZUMNÍ-stop migraci,diktát.EU, Strana svobodných obèanù, Blok proti islam.-Obran.domova, Obèanská demokratická aliance, Èeská pirátská strana, Referendum o Evropské unii, TOP 09, ANO 2011, Dobrá volba 2016, SPR-Republ.str.Èsl. M.Sládka, Køes».demokr.unie-Ès.str.lid., Èeská strana národnì sociální, REALISTÉ, SPORTOVCI, Dìlnic.str.sociální spravedl., Svob.a pø.dem.-T.Okamura (SPD), Strana Práv Obèanù, Národ Sobì"
593389,Nemochovice,228,156,152,"Obèanská demokratická strana, Øád národa - Vlastenecká unie, CESTA ODPOVÌDNÉ SPOLEÈNOSTI, Èeská str.sociálnì demokrat., Radostné Èesko, STAROSTOVÉ A NEZÁVISLÍ, Komunistická str.Èech a Moravy, Strana zelených, ROZUMNÍ-stop migraci,diktát.EU, Strana svobodných obèanù, Blok proti islam.-Obran.domova, Obèanská demokratická aliance, Èeská pirátská strana, Referendum o Evropské unii, TOP 09, ANO 2011, Dobrá volba 2016, SPR-Republ.str.Èsl. M.Sládka, Køes».demokr.unie-Ès.str.lid., Èeská strana národnì sociální, REALISTÉ, SPORTOVCI, Dìlnic.str.sociální spravedl., Svob.a pø.dem.-T.Okamura (SPD), Strana Práv Obèanù, Národ Sobì"
593397,Nemojany,546,339,337,"Obèanská demokratická strana, Øád národa - Vlastenecká unie, CESTA ODPOVÌDNÉ SPOLEÈNOSTI, Èeská str.sociálnì demokrat., Radostné Èesko, STAROSTOVÉ A NEZÁVISLÍ, Komunistická str.Èech a Moravy, Strana zelených, ROZUMNÍ-stop migraci,diktát.EU, Strana svobodných obèanù, Blok proti islam.-Obran.domova, Obèanská demokratická aliance, Èeská pirátská strana, Referendum o Evropské unii, TOP 09, ANO 2011, Dobrá volba 2016, SPR-Republ.str.Èsl. M.Sládka, Køes».demokr.unie-Ès.str.lid., Èeská strana národnì sociální, REALISTÉ, SPORTOVCI, Dìlnic.str.sociální spravedl., Svob.a pø.dem.-T.Okamura (SPD), Strana Práv Obèanù, Národ Sobì"
593401,Nemotice,351,180,180,"Obèanská demokratická strana, Øád národa - Vlastenecká unie, CESTA ODPOVÌDNÉ SPOLEÈNOSTI, Èeská str.sociálnì demokrat., Radostné Èesko, STAROSTOVÉ A NEZÁVISLÍ, Komunistická str.Èech a Moravy, Strana zelených, ROZUMNÍ-stop migraci,diktát.EU, Strana svobodných obèanù, Blok proti islam.-Obran.domova, Obèanská demokratická aliance, Èeská pirátská strana, Referendum o Evropské unii, TOP 09, ANO 2011, Dobrá volba 2016, SPR-Republ.str.Èsl. M.Sládka, Køes».demokr.unie-Ès.str.lid., Èeská strana národnì sociální, REALISTÉ, SPORTOVCI, Dìlnic.str.sociální spravedl., Svob.a pø.dem.-T.Okamura (SPD), Strana Práv Obèanù, Národ Sobì"
593419,Nesovice,903,501,496,"Obèanská demokratická strana, Øád národa - Vlastenecká unie, CESTA ODPOVÌDNÉ SPOLEÈNOSTI, Èeská str.sociálnì demokrat., Radostné Èesko, STAROSTOVÉ A NEZÁVISLÍ, Komunistická str.Èech a Moravy, Strana zelených, ROZUMNÍ-stop migraci,diktát.EU, Strana svobodných obèanù, Blok proti islam.-Obran.domova, Obèanská demokratická aliance, Èeská pirátská strana, Referendum o Evropské unii, TOP 09, ANO 2011, Dobrá volba 2016, SPR-Republ.str.Èsl. M.Sládka, Køes».demokr.unie-Ès.str.lid., Èeská strana národnì sociální, REALISTÉ, SPORTOVCI, Dìlnic.str.sociální spravedl., Svob.a pø.dem.-T.Okamura (SPD), Strana Práv Obèanù, Národ Sobì"
593427,Nevojice,346,214,212,"Obèanská demokratická strana, Øád národa - Vlastenecká unie, CESTA ODPOVÌDNÉ SPOLEÈNOSTI, Èeská str.sociálnì demokrat., Radostné Èesko, STAROSTOVÉ A NEZÁVISLÍ, Komunistická str.Èech a Moravy, Strana zelených, ROZUMNÍ-stop migraci,diktát.EU, Strana svobodných obèanù, Blok proti islam.-Obran.domova, Obèanská demokratická aliance, Èeská pirátská strana, Referendum o Evropské unii, TOP 09, ANO 2011, Dobrá volba 2016, SPR-Republ.str.Èsl. M.Sládka, Køes».demokr.unie-Ès.str.lid., Èeská strana národnì sociální, REALISTÉ, SPORTOVCI, Dìlnic.str.sociální spravedl., Svob.a pø.dem.-T.Okamura (SPD), Strana Práv Obèanù, Národ Sobì"
593435,Ní¾kovice,560,382,381,"Obèanská demokratická strana, Øád národa - Vlastenecká unie, CESTA ODPOVÌDNÉ SPOLEÈNOSTI, Èeská str.sociálnì demokrat., Radostné Èesko, STAROSTOVÉ A NEZÁVISLÍ, Komunistická str.Èech a Moravy, Strana zelených, ROZUMNÍ-stop migraci,diktát.EU, Strana svobodných obèanù, Blok proti islam.-Obran.domova, Obèanská demokratická aliance, Èeská pirátská strana, Referendum o Evropské unii, TOP 09, ANO 2011, Dobrá volba 2016, SPR-Republ.str.Èsl. M.Sládka, Køes».demokr.unie-Ès.str.lid., Èeská strana národnì sociální, REALISTÉ, SPORTOVCI, Dìlnic.str.sociální spravedl., Svob.a pø.dem.-T.Okamura (SPD), Strana Práv Obèanù, Národ Sobì"
593443,Nové Sady,90,62,62,"Obèanská demokratická strana, Øád národa - Vlastenecká unie, CESTA ODPOVÌDNÉ SPOLEÈNOSTI, Èeská str.sociálnì demokrat., Radostné Èesko, STAROSTOVÉ A NEZÁVISLÍ, Komunistická str.Èech a Moravy, Strana zelených, ROZUMNÍ-stop migraci,diktát.EU, Strana svobodných obèanù, Blok proti islam.-Obran.domova, Obèanská demokratická aliance, Èeská pirátská strana, Referendum o Evropské unii, TOP 09, ANO 2011, Dobrá volba 2016, SPR-Republ.str.Èsl. M.Sládka, Køes».demokr.unie-Ès.str.lid., Èeská strana národnì sociální, REALISTÉ, SPORTOVCI, Dìlnic.str.sociální spravedl., Svob.a pø.dem.-T.Okamura (SPD), Strana Práv Obèanù, Národ Sobì"
550132,Ol¹any,449,289,287,"Obèanská demokratická strana, Øád národa - Vlastenecká unie, CESTA ODPOVÌDNÉ SPOLEÈNOSTI, Èeská str.sociálnì demokrat., Radostné Èesko, STAROSTOVÉ A NEZÁVISLÍ, Komunistická str.Èech a Moravy, Strana zelených, ROZUMNÍ-stop migraci,diktát.EU, Strana svobodných obèanù, Blok proti islam.-Obran.domova, Obèanská demokratická aliance, Èeská pirátská strana, Referendum o Evropské unii, TOP 09, ANO 2011, Dobrá volba 2016, SPR-Republ.str.Èsl. M.Sládka, Køes».demokr.unie-Ès.str.lid., Èeská strana národnì sociální, REALISTÉ, SPORTOVCI, Dìlnic.str.sociální spravedl., Svob.a pø.dem.-T.Okamura (SPD), Strana Práv Obèanù, Národ Sobì"
593460,Orlovice,254,167,165,"Obèanská demokratická strana, Øád národa - Vlastenecká unie, CESTA ODPOVÌDNÉ SPOLEÈNOSTI, Èeská str.sociálnì demokrat., Radostné Èesko, STAROSTOVÉ A NEZÁVISLÍ, Komunistická str.Èech a Moravy, Strana zelených, ROZUMNÍ-stop migraci,diktát.EU, Strana svobodných obèanù, Blok proti islam.-Obran.domova, Obèanská demokratická aliance, Èeská pirátská strana, Referendum o Evropské unii, TOP 09, ANO 2011, Dobrá volba 2016, SPR-Republ.str.Èsl. M.Sládka, Køes».demokr.unie-Ès.str.lid., Èeská strana národnì sociální, REALISTÉ, SPORTOVCI, Dìlnic.str.sociální spravedl., Svob.a pø.dem.-T.Okamura (SPD), Strana Práv Obèanù, Národ Sobì"
593478,Otnice,1 239,760,757,"Obèanská demokratická strana, Øád národa - Vlastenecká unie, CESTA ODPOVÌDNÉ SPOLEÈNOSTI, Èeská str.sociálnì demokrat., Radostné Èesko, STAROSTOVÉ A NEZÁVISLÍ, Komunistická str.Èech a Moravy, Strana zelených, ROZUMNÍ-stop migraci,diktát.EU, Strana svobodných obèanù, Blok proti islam.-Obran.domova, Obèanská demokratická aliance, Èeská pirátská strana, Referendum o Evropské unii, TOP 09, ANO 2011, Dobrá volba 2016, SPR-Republ.str.Èsl. M.Sládka, Køes».demokr.unie-Ès.str.lid., Èeská strana národnì sociální, REALISTÉ, SPORTOVCI, Dìlnic.str.sociální spravedl., Svob.a pø.dem.-T.Okamura (SPD), Strana Práv Obèanù, Národ Sobì"
550795,Podbøe¾ice,194,106,106,"Obèanská demokratická strana, Øád národa - Vlastenecká unie, CESTA ODPOVÌDNÉ SPOLEÈNOSTI, Èeská str.sociálnì demokrat., Radostné Èesko, STAROSTOVÉ A NEZÁVISLÍ, Komunistická str.Èech a Moravy, Strana zelených, ROZUMNÍ-stop migraci,diktát.EU, Strana svobodných obèanù, Blok proti islam.-Obran.domova, Obèanská demokratická aliance, Èeská pirátská strana, Referendum o Evropské unii, TOP 09, ANO 2011, Dobrá volba 2016, SPR-Republ.str.Èsl. M.Sládka, Køes».demokr.unie-Ès.str.lid., Èeská strana národnì sociální, REALISTÉ, SPORTOVCI, Dìlnic.str.sociální spravedl., Svob.a pø.dem.-T.Okamura (SPD), Strana Práv Obèanù, Národ Sobì"
593486,Podivice,152,105,105,"Obèanská demokratická strana, Øád národa - Vlastenecká unie, CESTA ODPOVÌDNÉ SPOLEÈNOSTI, Èeská str.sociálnì demokrat., Radostné Èesko, STAROSTOVÉ A NEZÁVISLÍ, Komunistická str.Èech a Moravy, Strana zelených, ROZUMNÍ-stop migraci,diktát.EU, Strana svobodných obèanù, Blok proti islam.-Obran.domova, Obèanská demokratická aliance, Èeská pirátská strana, Referendum o Evropské unii, TOP 09, ANO 2011, Dobrá volba 2016, SPR-Republ.str.Èsl. M.Sládka, Køes».demokr.unie-Ès.str.lid., Èeská strana národnì sociální, REALISTÉ, SPORTOVCI, Dìlnic.str.sociální spravedl., Svob.a pø.dem.-T.Okamura (SPD), Strana Práv Obèanù, Národ Sobì"
550175,Podomí,337,212,211,"Obèanská demokratická strana, Øád národa - Vlastenecká unie, CESTA ODPOVÌDNÉ SPOLEÈNOSTI, Èeská str.sociálnì demokrat., Radostné Èesko, STAROSTOVÉ A NEZÁVISLÍ, Komunistická str.Èech a Moravy, Strana zelených, ROZUMNÍ-stop migraci,diktát.EU, Strana svobodných obèanù, Blok proti islam.-Obran.domova, Obèanská demokratická aliance, Èeská pirátská strana, Referendum o Evropské unii, TOP 09, ANO 2011, Dobrá volba 2016, SPR-Republ.str.Èsl. M.Sládka, Køes».demokr.unie-Ès.str.lid., Èeská strana národnì sociální, REALISTÉ, SPORTOVCI, Dìlnic.str.sociální spravedl., Svob.a pø.dem.-T.Okamura (SPD), Strana Práv Obèanù, Národ Sobì"
593494,Prusy-Bo¹kùvky,513,313,309,"Obèanská demokratická strana, Øád národa - Vlastenecká unie, CESTA ODPOVÌDNÉ SPOLEÈNOSTI, Èeská str.sociálnì demokrat., Radostné Èesko, STAROSTOVÉ A NEZÁVISLÍ, Komunistická str.Èech a Moravy, Strana zelených, ROZUMNÍ-stop migraci,diktát.EU, Strana svobodných obèanù, Blok proti islam.-Obran.domova, Obèanská demokratická aliance, Èeská pirátská strana, Referendum o Evropské unii, TOP 09, ANO 2011, Dobrá volba 2016, SPR-Republ.str.Èsl. M.Sládka, Køes».demokr.unie-Ès.str.lid., Èeská strana národnì sociální, REALISTÉ, SPORTOVCI, Dìlnic.str.sociální spravedl., Svob.a pø.dem.-T.Okamura (SPD), Strana Práv Obèanù, Národ Sobì"
593508,Pustimìø,1 400,902,898,"Obèanská demokratická strana, Øád národa - Vlastenecká unie, CESTA ODPOVÌDNÉ SPOLEÈNOSTI, Èeská str.sociálnì demokrat., Radostné Èesko, STAROSTOVÉ A NEZÁVISLÍ, Komunistická str.Èech a Moravy, Strana zelených, ROZUMNÍ-stop migraci,diktát.EU, Strana svobodných obèanù, Blok proti islam.-Obran.domova, Obèanská demokratická aliance, Èeská pirátská strana, Referendum o Evropské unii, TOP 09, ANO 2011, Dobrá volba 2016, SPR-Republ.str.Èsl. M.Sládka, Køes».demokr.unie-Ès.str.lid., Èeská strana národnì sociální, REALISTÉ, SPORTOVCI, Dìlnic.str.sociální spravedl., Svob.a pø.dem.-T.Okamura (SPD), Strana Práv Obèanù, Národ Sobì"
593516,Raèice-Pístovice,968,602,598,"Obèanská demokratická strana, Øád národa - Vlastenecká unie, CESTA ODPOVÌDNÉ SPOLEÈNOSTI, Èeská str.sociálnì demokrat., Radostné Èesko, STAROSTOVÉ A NEZÁVISLÍ, Komunistická str.Èech a Moravy, Strana zelených, ROZUMNÍ-stop migraci,diktát.EU, Strana svobodných obèanù, Blok proti islam.-Obran.domova, Obèanská demokratická aliance, Èeská pirátská strana, Referendum o Evropské unii, TOP 09, ANO 2011, Dobrá volba 2016, SPR-Republ.str.Èsl. M.Sládka, Køes».demokr.unie-Ès.str.lid., Èeská strana národnì sociální, REALISTÉ, SPORTOVCI, Dìlnic.str.sociální spravedl., Svob.a pø.dem.-T.Okamura (SPD), Strana Práv Obèanù, Národ Sobì"
593524,Radslavice,334,207,206,"Obèanská demokratická strana, Øád národa - Vlastenecká unie, CESTA ODPOVÌDNÉ SPOLEÈNOSTI, Èeská str.sociálnì demokrat., Radostné Èesko, STAROSTOVÉ A NEZÁVISLÍ, Komunistická str.Èech a Moravy, Strana zelených, ROZUMNÍ-stop migraci,diktát.EU, Strana svobodných obèanù, Blok proti islam.-Obran.domova, Obèanská demokratická aliance, Èeská pirátská strana, Referendum o Evropské unii, TOP 09, ANO 2011, Dobrá volba 2016, SPR-Republ.str.Èsl. M.Sládka, Køes».demokr.unie-Ès.str.lid., Èeská strana národnì sociální, REALISTÉ, SPORTOVCI, Dìlnic.str.sociální spravedl., Svob.a pø.dem.-T.Okamura (SPD), Strana Práv Obèanù, Národ Sobì"
593532,Ra¹ovice,529,319,316,"Obèanská demokratická strana, Øád národa - Vlastenecká unie, CESTA ODPOVÌDNÉ SPOLEÈNOSTI, Èeská str.sociálnì demokrat., Radostné Èesko, STAROSTOVÉ A NEZÁVISLÍ, Komunistická str.Èech a Moravy, Strana zelených, ROZUMNÍ-stop migraci,diktát.EU, Strana svobodných obèanù, Blok proti islam.-Obran.domova, Obèanská demokratická aliance, Èeská pirátská strana, Referendum o Evropské unii, TOP 09, ANO 2011, Dobrá volba 2016, SPR-Republ.str.Èsl. M.Sládka, Køes».demokr.unie-Ès.str.lid., Èeská strana národnì sociální, REALISTÉ, SPORTOVCI, Dìlnic.str.sociální spravedl., Svob.a pø.dem.-T.Okamura (SPD), Strana Práv Obèanù, Národ Sobì"
554898,Rostìnice-Zvonovice,401,226,224,"Obèanská demokratická strana, Øád národa - Vlastenecká unie, CESTA ODPOVÌDNÉ SPOLEÈNOSTI, Èeská str.sociálnì demokrat., Radostné Èesko, STAROSTOVÉ A NEZÁVISLÍ, Komunistická str.Èech a Moravy, Strana zelených, ROZUMNÍ-stop migraci,diktát.EU, Strana svobodných obèanù, Blok proti islam.-Obran.domova, Obèanská demokratická aliance, Èeská pirátská strana, Referendum o Evropské unii, TOP 09, ANO 2011, Dobrá volba 2016, SPR-Republ.str.Èsl. M.Sládka, Køes».demokr.unie-Ès.str.lid., Èeská strana národnì sociální, REALISTÉ, SPORTOVCI, Dìlnic.str.sociální spravedl., Svob.a pø.dem.-T.Okamura (SPD), Strana Práv Obèanù, Národ Sobì"
593559,Rousínov,4 357,2 796,2 775,"Obèanská demokratická strana, Øád národa - Vlastenecká unie, CESTA ODPOVÌDNÉ SPOLEÈNOSTI, Èeská str.sociálnì demokrat., Radostné Èesko, STAROSTOVÉ A NEZÁVISLÍ, Komunistická str.Èech a Moravy, Strana zelených, ROZUMNÍ-stop migraci,diktát.EU, Strana svobodných obèanù, Blok proti islam.-Obran.domova, Obèanská demokratická aliance, Èeská pirátská strana, Referendum o Evropské unii, TOP 09, ANO 2011, Dobrá volba 2016, SPR-Republ.str.Èsl. M.Sládka, Køes».demokr.unie-Ès.str.lid., Èeská strana národnì sociální, REALISTÉ, SPORTOVCI, Dìlnic.str.sociální spravedl., Svob.a pø.dem.-T.Okamura (SPD), Strana Práv Obèanù, Národ Sobì"
593567,Ruprechtov,489,308,305,"Obèanská demokratická strana, Øád národa - Vlastenecká unie, CESTA ODPOVÌDNÉ SPOLEÈNOSTI, Èeská str.sociálnì demokrat., Radostné Èesko, STAROSTOVÉ A NEZÁVISLÍ, Komunistická str.Èech a Moravy, Strana zelených, ROZUMNÍ-stop migraci,diktát.EU, Strana svobodných obèanù, Blok proti islam.-Obran.domova, Obèanská demokratická aliance, Èeská pirátská strana, Referendum o Evropské unii, TOP 09, ANO 2011, Dobrá volba 2016, SPR-Republ.str.Èsl. M.Sládka, Køes».demokr.unie-Ès.str.lid., Èeská strana národnì sociální, REALISTÉ, SPORTOVCI, Dìlnic.str.sociální spravedl., Svob.a pø.dem.-T.Okamura (SPD), Strana Práv Obèanù, Národ Sobì"
553972,Rybníèek,225,143,143,"Obèanská demokratická strana, Øád národa - Vlastenecká unie, CESTA ODPOVÌDNÉ SPOLEÈNOSTI, Èeská str.sociálnì demokrat., Radostné Èesko, STAROSTOVÉ A NEZÁVISLÍ, Komunistická str.Èech a Moravy, Strana zelených, ROZUMNÍ-stop migraci,diktát.EU, Strana svobodných obèanù, Blok proti islam.-Obran.domova, Obèanská demokratická aliance, Èeská pirátská strana, Referendum o Evropské unii, TOP 09, ANO 2011, Dobrá volba 2016, SPR-Republ.str.Èsl. M.Sládka, Køes».demokr.unie-Ès.str.lid., Èeská strana národnì sociální, REALISTÉ, SPORTOVCI, Dìlnic.str.sociální spravedl., Svob.a pø.dem.-T.Okamura (SPD), Strana Práv Obèanù, Národ Sobì"
593583,Slavkov u Brna,5 209,3 272,3 257,"Obèanská demokratická strana, Øád národa - Vlastenecká unie, CESTA ODPOVÌDNÉ SPOLEÈNOSTI, Èeská str.sociálnì demokrat., Radostné Èesko, STAROSTOVÉ A NEZÁVISLÍ, Komunistická str.Èech a Moravy, Strana zelených, ROZUMNÍ-stop migraci,diktát.EU, Strana svobodných obèanù, Blok proti islam.-Obran.domova, Obèanská demokratická aliance, Èeská pirátská strana, Referendum o Evropské unii, TOP 09, ANO 2011, Dobrá volba 2016, SPR-Republ.str.Èsl. M.Sládka, Køes».demokr.unie-Ès.str.lid., Èeská strana národnì sociální, REALISTÉ, SPORTOVCI, Dìlnic.str.sociální spravedl., Svob.a pø.dem.-T.Okamura (SPD), Strana Práv Obèanù, Národ Sobì"
593591,Snovídky,282,175,174,"Obèanská demokratická strana, Øád národa - Vlastenecká unie, CESTA ODPOVÌDNÉ SPOLEÈNOSTI, Èeská str.sociálnì demokrat., Radostné Èesko, STAROSTOVÉ A NEZÁVISLÍ, Komunistická str.Èech a Moravy, Strana zelených, ROZUMNÍ-stop migraci,diktát.EU, Strana svobodných obèanù, Blok proti islam.-Obran.domova, Obèanská demokratická aliance, Èeská pirátská strana, Referendum o Evropské unii, TOP 09, ANO 2011, Dobrá volba 2016, SPR-Republ.str.Èsl. M.Sládka, Køes».demokr.unie-Ès.str.lid., Èeská strana národnì sociální, REALISTÉ, SPORTOVCI, Dìlnic.str.sociální spravedl., Svob.a pø.dem.-T.Okamura (SPD), Strana Práv Obèanù, Národ Sobì"
593605,Studnice,421,242,242,"Obèanská demokratická strana, Øád národa - Vlastenecká unie, CESTA ODPOVÌDNÉ SPOLEÈNOSTI, Èeská str.sociálnì demokrat., Radostné Èesko, STAROSTOVÉ A NEZÁVISLÍ, Komunistická str.Èech a Moravy, Strana zelených, ROZUMNÍ-stop migraci,diktát.EU, Strana svobodných obèanù, Blok proti islam.-Obran.domova, Obèanská demokratická aliance, Èeská pirátská strana, Referendum o Evropské unii, TOP 09, ANO 2011, Dobrá volba 2016, SPR-Republ.str.Èsl. M.Sládka, Køes».demokr.unie-Ès.str.lid., Èeská strana národnì sociální, REALISTÉ, SPORTOVCI, Dìlnic.str.sociální spravedl., Svob.a pø.dem.-T.Okamura (SPD), Strana Práv Obèanù, Národ Sobì"
593613,©aratice,815,504,501,"Obèanská demokratická strana, Øád národa - Vlastenecká unie, CESTA ODPOVÌDNÉ SPOLEÈNOSTI, Èeská str.sociálnì demokrat., Radostné Èesko, STAROSTOVÉ A NEZÁVISLÍ, Komunistická str.Èech a Moravy, Strana zelených, ROZUMNÍ-stop migraci,diktát.EU, Strana svobodných obèanù, Blok proti islam.-Obran.domova, Obèanská demokratická aliance, Èeská pirátská strana, Referendum o Evropské unii, TOP 09, ANO 2011, Dobrá volba 2016, SPR-Republ.str.Èsl. M.Sládka, Køes».demokr.unie-Ès.str.lid., Èeská strana národnì sociální, REALISTÉ, SPORTOVCI, Dìlnic.str.sociální spravedl., Svob.a pø.dem.-T.Okamura (SPD), Strana Práv Obèanù, Národ Sobì"
593621,©vábenice,791,544,538,"Obèanská demokratická strana, Øád národa - Vlastenecká unie, CESTA ODPOVÌDNÉ SPOLEÈNOSTI, Èeská str.sociálnì demokrat., Radostné Èesko, STAROSTOVÉ A NEZÁVISLÍ, Komunistická str.Èech a Moravy, Strana zelených, ROZUMNÍ-stop migraci,diktát.EU, Strana svobodných obèanù, Blok proti islam.-Obran.domova, Obèanská demokratická aliance, Èeská pirátská strana, Referendum o Evropské unii, TOP 09, ANO 2011, Dobrá volba 2016, SPR-Republ.str.Èsl. M.Sládka, Køes».demokr.unie-Ès.str.lid., Èeská strana národnì sociální, REALISTÉ, SPORTOVCI, Dìlnic.str.sociální spravedl., Svob.a pø.dem.-T.Okamura (SPD), Strana Práv Obèanù, Národ Sobì"
593630,Topolany,262,173,173,"Obèanská demokratická strana, Øád národa - Vlastenecká unie, CESTA ODPOVÌDNÉ SPOLEÈNOSTI, Èeská str.sociálnì demokrat., Radostné Èesko, STAROSTOVÉ A NEZÁVISLÍ, Komunistická str.Èech a Moravy, Strana zelených, ROZUMNÍ-stop migraci,diktát.EU, Strana svobodných obèanù, Blok proti islam.-Obran.domova, Obèanská demokratická aliance, Èeská pirátská strana, Referendum o Evropské unii, TOP 09, ANO 2011, Dobrá volba 2016, SPR-Republ.str.Èsl. M.Sládka, Køes».demokr.unie-Ès.str.lid., Èeská strana národnì sociální, REALISTÉ, SPORTOVCI, Dìlnic.str.sociální spravedl., Svob.a pø.dem.-T.Okamura (SPD), Strana Práv Obèanù, Národ Sobì"
593648,Tuèapy,444,270,266,"Obèanská demokratická strana, Øád národa - Vlastenecká unie, CESTA ODPOVÌDNÉ SPOLEÈNOSTI, Èeská str.sociálnì demokrat., Radostné Èesko, STAROSTOVÉ A NEZÁVISLÍ, Komunistická str.Èech a Moravy, Strana zelených, ROZUMNÍ-stop migraci,diktát.EU, Strana svobodných obèanù, Blok proti islam.-Obran.domova, Obèanská demokratická aliance, Èeská pirátská strana, Referendum o Evropské unii, TOP 09, ANO 2011, Dobrá volba 2016, SPR-Republ.str.Èsl. M.Sládka, Køes».demokr.unie-Ès.str.lid., Èeská strana národnì sociální, REALISTÉ, SPORTOVCI, Dìlnic.str.sociální spravedl., Svob.a pø.dem.-T.Okamura (SPD), Strana Práv Obèanù, Národ Sobì"
550191,Uhøice,210,120,119,"Obèanská demokratická strana, Øád národa - Vlastenecká unie, CESTA ODPOVÌDNÉ SPOLEÈNOSTI, Èeská str.sociálnì demokrat., Radostné Èesko, STAROSTOVÉ A NEZÁVISLÍ, Komunistická str.Èech a Moravy, Strana zelených, ROZUMNÍ-stop migraci,diktát.EU, Strana svobodných obèanù, Blok proti islam.-Obran.domova, Obèanská demokratická aliance, Èeská pirátská strana, Referendum o Evropské unii, TOP 09, ANO 2011, Dobrá volba 2016, SPR-Republ.str.Èsl. M.Sládka, Køes».demokr.unie-Ès.str.lid., Èeská strana národnì sociální, REALISTÉ, SPORTOVCI, Dìlnic.str.sociální spravedl., Svob.a pø.dem.-T.Okamura (SPD), Strana Práv Obèanù, Národ Sobì"
593656,Vá¾any,344,187,185,"Obèanská demokratická strana, Øád národa - Vlastenecká unie, CESTA ODPOVÌDNÉ SPOLEÈNOSTI, Èeská str.sociálnì demokrat., Radostné Èesko, STAROSTOVÉ A NEZÁVISLÍ, Komunistická str.Èech a Moravy, Strana zelených, ROZUMNÍ-stop migraci,diktát.EU, Strana svobodných obèanù, Blok proti islam.-Obran.domova, Obèanská demokratická aliance, Èeská pirátská strana, Referendum o Evropské unii, TOP 09, ANO 2011, Dobrá volba 2016, SPR-Republ.str.Èsl. M.Sládka, Køes».demokr.unie-Ès.str.lid., Èeská strana národnì sociální, REALISTÉ, SPORTOVCI, Dìlnic.str.sociální spravedl., Svob.a pø.dem.-T.Okamura (SPD), Strana Práv Obèanù, Národ Sobì"
593664,Vá¾any nad Litavou,563,380,377,"Obèanská demokratická strana, Øád národa - Vlastenecká unie, CESTA ODPOVÌDNÉ SPOLEÈNOSTI, Èeská str.sociálnì demokrat., Radostné Èesko, STAROSTOVÉ A NEZÁVISLÍ, Komunistická str.Èech a Moravy, Strana zelených, ROZUMNÍ-stop migraci,diktát.EU, Strana svobodných obèanù, Blok proti islam.-Obran.domova, Obèanská demokratická aliance, Èeská pirátská strana, Referendum o Evropské unii, TOP 09, ANO 2011, Dobrá volba 2016, SPR-Republ.str.Èsl. M.Sládka, Køes».demokr.unie-Ès.str.lid., Èeská strana národnì sociální, REALISTÉ, SPORTOVCI, Dìlnic.str.sociální spravedl., Svob.a pø.dem.-T.Okamura (SPD), Strana Práv Obèanù, Národ Sobì"
593681,Vele¹ovice,967,633,628,"Obèanská demokratická strana, Øád národa - Vlastenecká unie, CESTA ODPOVÌDNÉ SPOLEÈNOSTI, Èeská str.sociálnì demokrat., Radostné Èesko, STAROSTOVÉ A NEZÁVISLÍ, Komunistická str.Èech a Moravy, Strana zelených, ROZUMNÍ-stop migraci,diktát.EU, Strana svobodných obèanù, Blok proti islam.-Obran.domova, Obèanská demokratická aliance, Èeská pirátská strana, Referendum o Evropské unii, TOP 09, ANO 2011, Dobrá volba 2016, SPR-Republ.str.Èsl. M.Sládka, Køes».demokr.unie-Ès.str.lid., Èeská strana národnì sociální, REALISTÉ, SPORTOVCI, Dìlnic.str.sociální spravedl., Svob.a pø.dem.-T.Okamura (SPD), Strana Práv Obèanù, Národ Sobì"
592889,Vy¹kov,17 082,10 097,10 033,"Obèanská demokratická strana, Øád národa - Vlastenecká unie, CESTA ODPOVÌDNÉ SPOLEÈNOSTI, Èeská str.sociálnì demokrat., Radostné Èesko, STAROSTOVÉ A NEZÁVISLÍ, Komunistická str.Èech a Moravy, Strana zelených, ROZUMNÍ-stop migraci,diktát.EU, Strana svobodných obèanù, Blok proti islam.-Obran.domova, Obèanská demokratická aliance, Èeská pirátská strana, Referendum o Evropské unii, TOP 09, ANO 2011, Dobrá volba 2016, SPR-Republ.str.Èsl. M.Sládka, Køes».demokr.unie-Ès.str.lid., Èeská strana národnì sociální, REALISTÉ, SPORTOVCI, Dìlnic.str.sociální spravedl., Svob.a pø.dem.-T.Okamura (SPD), Strana Práv Obèanù, Národ Sobì"
593699,Zbý¹ov,496,323,321,"Obèanská demokratická strana, Øád národa - Vlastenecká unie, CESTA ODPOVÌDNÉ SPOLEÈNOSTI, Èeská str.sociálnì demokrat., Radostné Èesko, STAROSTOVÉ A NEZÁVISLÍ, Komunistická str.Èech a Moravy, Strana zelených, ROZUMNÍ-stop migraci,diktát.EU, Strana svobodných obèanù, Blok proti islam.-Obran.domova, Obèanská demokratická aliance, Èeská pirátská strana, Referendum o Evropské unii, TOP 09, ANO 2011, Dobrá volba 2016, SPR-Republ.str.Èsl. M.Sládka, Køes».demokr.unie-Ès.str.lid., Èeská strana národnì sociální, REALISTÉ, SPORTOVCI, Dìlnic.str.sociální spravedl., Svob.a pø.dem.-T.Okamura (SPD), Strana Práv Obèanù, Národ Sobì"
593702,Zelená Hora,227,162,162,"Obèanská demokratická strana, Øád národa - Vlastenecká unie, CESTA ODPOVÌDNÉ SPOLEÈNOSTI, Èeská str.sociálnì demokrat., Radostné Èesko, STAROSTOVÉ A NEZÁVISLÍ, Komunistická str.Èech a Moravy, Strana zelených, ROZUMNÍ-stop migraci,diktát.EU, Strana svobodných obèanù, Blok proti islam.-Obran.domova, Obèanská demokratická aliance, Èeská pirátská strana, Referendum o Evropské unii, TOP 09, ANO 2011, Dobrá volba 2016, SPR-Republ.str.Èsl. M.Sládka, Køes».demokr.unie-Ès.str.lid., Èeská strana národnì sociální, REALISTÉ, SPORTOVCI, Dìlnic.str.sociální spravedl., Svob.a pø.dem.-T.Okamura (SPD), Strana Práv Obèanù, Národ Sobì"
